{
    "test_image_1.png": [
        [
            6.8935945822692455,
            43.06671185212033,
            0.057
        ],
        [
            23.201511400948558,
            54.59262703878216,
            0.057
        ],
        [
            28.18144573148486,
            31.975736861181588,
            0.057
        ],
        [
            76.1201542320321,
            39.47845523740485,
            0.057
        ],
        [
            142.5010371214885,
            26.1040442189199,
            0.057
        ]
    ],
    "test_image_10.png": [
        [
            14.689594174410292,
            90.18015252416755,
            0.057
        ],
        [
            32.21997301644031,
            115.79776799140708,
            0.057
        ],
        [
            71.46228895639742,
            107.09744575725027,
            0.057
        ],
        [
            107.7560702287348,
            96.73224704618688,
            0.057
        ],
        [
            135.57951554681915,
            88.78380451127819,
            0.057
        ]
    ],
    "test_image_11.png": [
        [
            7.8303098855917055,
            117.19411600429645,
            0.057
        ],
        [
            34.537496156596355,
            111.28648979591836,
            0.057
        ],
        [
            102.0562662674294,
            116.01259076262083,
            0.057
        ],
        [
            114.92719941008224,
            110.42719871106337,
            0.057
        ],
        [
            143.6186545405792,
            143.88584532760473,
            0.057
        ]
    ],
    "test_image_12.png": [
        [
            23.964075947105073,
            76.72747277936962,
            0.057
        ],
        [
            45.13991583273767,
            80.38076790830945,
            0.057
        ],
        [
            74.035555575411,
            71.62360458452721,
            0.057
        ],
        [
            93.54949410293065,
            73.55770200573065,
            0.057
        ],
        [
            124.85757130092922,
            74.57847564469914,
            0.057
        ]
    ],
    "test_image_13.png": [
        [
            18.763932987848463,
            100.11570569280343,
            0.057
        ],
        [
            49.21425464617584,
            88.67639312567131,
            0.057
        ],
        [
            70.22926536812008,
            83.89658646616542,
            0.057
        ],
        [
            104.53948695496783,
            95.8729559613319,
            0.057
        ],
        [
            123.78537687634024,
            104.2510440386681,
            0.057
        ]
    ],
    "test_image_14.png": [
        [
            6.489587683232035,
            75.3573813104189,
            0.057
        ],
        [
            7.24039211655345,
            90.07274113856069,
            0.057
        ],
        [
            16.786334197354307,
            70.25534049409237,
            0.057
        ],
        [
            131.60578360743656,
            14.025480128893662,
            0.057
        ],
        [
            132.6247324812299,
            9.72902470461869,
            0.057
        ]
    ],
    "test_image_15.png": [
        [
            7.93756766178048,
            123.4776820622986,
            0.057
        ],
        [
            8.95651653557383,
            63.703245972073034,
            0.057
        ],
        [
            4.290803271362174,
            76.70002363050483,
            0.057
        ],
        [
            20.057696371111906,
            94.10066809881847,
            0.057
        ],
        [
            147.47993448337505,
            132.60764983888294,
            0.057
        ]
    ],
    "test_image_16.png": [
        [
            13.992667798427448,
            134.1651149301826,
            0.057
        ],
        [
            22.302174588992134,
            46.78595273899033,
            0.057
        ],
        [
            103.73534113652607,
            49.47123737916219,
            0.057
        ],
        [
            132.3629322730522,
            47.05448120300751,
            0.057
        ],
        [
            143.88902233738384,
            127.77413748657357,
            0.057
        ]
    ],
    "test_image_17.png": [
        [
            16.02983720514653,
            59.481770773638964,
            0.057
        ],
        [
            45.46157416011437,
            62.49036676217764,
            0.057
        ],
        [
            73.7138972480343,
            66.35856160458452,
            0.057
        ],
        [
            104.91475500357397,
            64.6930888252149,
            0.057
        ],
        [
            124.42869353109363,
            62.16801719197707,
            0.057
        ]
    ],
    "test_image_18.png": [
        [
            14.104889792634966,
            115.58294522019334,
            0.057
        ],
        [
            16.679076421165533,
            58.38638238453276,
            0.057
        ],
        [
            50.57253369681803,
            83.25211815252416,
            0.057
        ],
        [
            106.88286619592421,
            96.62483566058002,
            0.057
        ],
        [
            134.39448578834467,
            96.73224704618688,
            0.057
        ]
    ],
    "test_image_2.png": [
        [
            6.475674528301886,
            82.44569996393797,
            0.057
        ],
        [
            48.92850471698113,
            33.058754417598266,
            0.057
        ],
        [
            67.97785159651669,
            72.38439451857194,
            0.057
        ],
        [
            100.74272822931785,
            101.86510133429498,
            0.057
        ],
        [
            120.0642086357039,
            90.50556292823656,
            0.057
        ]
    ],
    "test_image_3.png": [
        [
            20.83323304775793,
            36.21835179153094,
            0.057
        ],
        [
            76.01004675537732,
            31.495224755700328,
            0.057
        ],
        [
            103.35237267590229,
            33.775355048859936,
            0.057
        ],
        [
            131.95244558877144,
            31.92953528773073,
            0.057
        ],
        [
            137.25685681735328,
            21.88610423452769,
            0.057
        ]
    ],
    "test_image_4.png": [
        [
            22.042999181520553,
            44.342043305665825,
            0.057
        ],
        [
            50.90804101491452,
            43.42179790689282,
            0.057
        ],
        [
            76.44459976355037,
            39.361891735835435,
            0.057
        ],
        [
            99.79854665332847,
            43.09700541320823,
            0.057
        ],
        [
            131.99207157148055,
            34.165211836881994,
            0.057
        ]
    ],
    "test_image_5.png": [
        [
            21.769578737300435,
            44.001393939393935,
            0.057
        ],
        [
            47.18685014513788,
            40.971090909090904,
            0.057
        ],
        [
            74.50905624092887,
            31.988406926406928,
            0.057
        ],
        [
            101.50470210449926,
            39.5641645021645,
            0.057
        ],
        [
            133.61645827285923,
            38.75247619047619,
            0.057
        ]
    ],