{
    "01.png": [
        [
            0.21109286735788346,
            0.08902895959957097,
            0.17
        ],
        [
            0.16588371469431534,
            0.20733428673578833,
            0.17
        ]
    ],
    "02.png": [
        [
            0.1565174169346195,
            0.09897749196141478,
            0.17
        ],
        [
            0.16686039657020366,
            0.11162486602357985,
            0.17
        ],
        [
            0.16514549839228296,
            0.20658735262593783,
            0.17
        ]
    ],
    "03.png": [
        [
            0.2409165475339528,
            0.10981987133666904,
            0.17
        ],
        [
            0.18602019299499642,
            0.1441300929235168,
            0.17
        ],
        [
            0.11804306647605432,
            0.17034524660471764,
            0.17
        ],
        [
            0.16704235167977127,
            0.20701429592566117,
            0.17
        ]
    ],
    "04.png": [
        [
            0.1333754467476769,
            0.13823302358827733,
            0.17
        ],
        [
            0.12018745532523231,
            0.10864045746962114,
            0.17
        ],
        [
            0.25458702644746245,
            0.14273624017155112,
            0.17
        ],
        [
            0.2552303431022159,
            0.17522373123659757,
            0.17
        ],
        [
            0.16548766976411722,
            0.20685346676197283,
            0.17
        ]
    ],
    "05.png": [
        [
            0.21196729807005005,
            0.1158241601143674,
            0.17
        ],
        [
            0.23587723373838454,
            0.11373338098641886,
            0.17
        ],
        [
            0.16714957112223017,
            0.20706790564689065,
            0.17
        ]
    ],
    "06.png": [
        [
            0.1856985346676197,
            0.13898355968548964,
            0.17
        ],
        [
            0.12254628305932809,
            0.14144960686204433,
            0.17
        ],
        [
            0.12083077197998571,
            0.17093495353824162,
            0.17
        ],
        [
            0.25056629735525376,
            0.20036669049320943,
            0.17
        ]
    ],
    "07.png": [
        [
            0.2091259828448892,
            0.1429506790564689,
            0.17
        ],
        [
            0.12120604002859185,
            0.11303645461043602,
            0.17
        ],
        [
            0.12206379556826305,
            0.14155682630450322,
            0.17
        ],
        [
            0.2551767333809864,
            0.17404431736954967,
            0.17
        ],
        [
            0.24633112937812723,
            0.19178913509649748,
            0.17
        ]
    ],
    "08.png": [
        [
            0.1261381343817012,
            0.08328305932809149,
            0.17
        ],
        [
            0.2515848820586133,
            0.1753845604002859,
            0.17
        ],
        [
            0.14683148677626875,
            0.20288634739099357,
            0.17
        ]
    ],
    "09.png": [
        [
            0.216256075768406,
            0.12000571837026447,
            0.17
        ],
        [
            0.18639546104360255,
            0.13174624731951395,
            0.17
        ],
        [
            0.12908666904932095,
            0.16862973552537525,
            0.17
        ],
        [
            0.16639903502501785,
            0.20663902787705504,
            0.17
        ]
    ],
    "10.png": [
        [
            0.18671711937097926,
            0.15881915654038598,
            0.17
        ],
        [
            0.13959417441029306,
            0.14166404574696212,
            0.17
        ],
        [
            0.11745335954253038,
            0.20535239456754822,
            0.17
        ]
    ]
}